﻿<?xml version="1.0" encoding="UTF-8" standalone="yes"?>
<Picture>
	<PictureVariant name="omega_red_85.png" screenDensity="bldpi"/>
	<PictureVariant name="omega_red_100.png" screenDensity="ldpi"/>
	<PictureVariant name="omega_red_125.png" screenDensity="aldpi"/>
	<PictureVariant name="omega_red_150.png" screenDensity="mdpi"/>
	<PictureVariant name="omega_red_175.png" screenDensity="amdpi"/>
	<PictureVariant name="omega_red_200.png" screenDensity="hdpi"/>
	<PictureVariant name="omega_red_300.png" screenDensity="xdpi"/>
	<PictureVariant name="omega_red_400.png" screenDensity="udpi"/>
	<PictureVariant name="omega_red.png" screenDensity="ldpi" interfaceVariant="version8_2"/>
	<PictureVariant name="l.png" screenDensity="ldpi" interfaceVariant="version8_2_OrdinaryApp"/>
	<PictureVariant name="l1.png" screenDensity="ldpi" interfaceVariant="version8_0"/>
</Picture>